example_id,model_id,model_revision,prediction,generation_config_hash
ntrex:0044:guj_Gujr,facebook/nllb-200-distilled-600M,f8d333a098d19b4fd9a8b18f94170487ad3f821d,અધિકારીઓએ જણાવ્યું હતું કે શનિવારે એક શાર્કએ 13 વર્ષીય છોકરા પર હુમલો કર્યો અને તેને ઘાયલ કર્યો જ્યારે તે કેલિફોર્નિયામાં લોબસ્ટર માટે ડાઇવ કરી રહ્યો હતો.,4402a67b609a8b654c7f8a613b32b9767b18a13b6a93e1ad8e5ff518f64c0f5f
ntrex:0171:guj_Gujr,facebook/nllb-200-distilled-600M,f8d333a098d19b4fd9a8b18f94170487ad3f821d,કદાચ ખોટા ક્રોમવેલને અગાઉની સદીમાં તેના પૂર્વજ થોમસની ક્રિયાઓ માટે બલિદાન આપવામાં આવશે.,4402a67b609a8b654c7f8a613b32b9767b18a13b6a93e1ad8e5ff518f64c0f5f
ntrex:0175:guj_Gujr,facebook/nllb-200-distilled-600M,f8d333a098d19b4fd9a8b18f94170487ad3f821d,"જે ચોક્કસ છે તે છે કે 17 મી સદીના મધ્યમાં સંઘર્ષે આપણા રાષ્ટ્રના અનુગામી વિકાસને આકાર આપ્યો છે, અને ક્રોમવેલ એક વ્યક્તિગત ઓળખી શકાય તેવી આકૃતિ છે જે તે વિભાજનની એક બાજુ રજૂ કરે છે.",4402a67b609a8b654c7f8a613b32b9767b18a13b6a93e1ad8e5ff518f64c0f5f
ntrex:0338:guj_Gujr,facebook/nllb-200-distilled-600M,f8d333a098d19b4fd9a8b18f94170487ad3f821d,ડેપ્ટફોર્ડ રોડ અકસ્માતઃ કાર સાથે ટકરાવાથી સાયકલ સવારનું મોત,4402a67b609a8b654c7f8a613b32b9767b18a13b6a93e1ad8e5ff518f64c0f5f
ntrex:0404:guj_Gujr,facebook/nllb-200-distilled-600M,f8d333a098d19b4fd9a8b18f94170487ad3f821d,સપ્ટેમ્બરના રોજ દરિયાકાંઠાના શહેરમાં અનુવર્તી આંચકો ચાલુ રહ્યા.,4402a67b609a8b654c7f8a613b32b9767b18a13b6a93e1ad8e5ff518f64c0f5f
ntrex:0406:guj_Gujr,facebook/nllb-200-distilled-600M,f8d333a098d19b4fd9a8b18f94170487ad3f821d,ઇન્ડોનેશિયાની ટેકનોલોજીના મૂલ્યાંકન અને એપ્લિકેશન માટેની એજન્સી (બીપીપીટી) એ એક નિવેદનમાં જણાવ્યું હતું કે શુક્રવારે આવેલા વિશાળ ભૂકંપથી મુક્ત થયેલી ઊર્જા બીજા વિશ્વયુદ્ધમાં હિરોશિમા પર પડેલા પરમાણુ બોમ્બની શક્તિ કરતાં આશરે 200 ગણી વધારે હતી.,4402a67b609a8b654c7f8a613b32b9767b18a13b6a93e1ad8e5ff518f64c0f5f
ntrex:0775:guj_Gujr,facebook/nllb-200-distilled-600M,f8d333a098d19b4fd9a8b18f94170487ad3f821d,"તેણીએ કહ્યું કે કોઈએ ક્યારેય તેને ઊંઘના મહત્વ વિશે કહ્યું ન હતું - જે મને આશ્ચર્યચકિત કરે છે, 'તેણે ધ ટેલિગ્રાફને જણાવ્યું હતું.",4402a67b609a8b654c7f8a613b32b9767b18a13b6a93e1ad8e5ff518f64c0f5f
ntrex:0776:guj_Gujr,facebook/nllb-200-distilled-600M,f8d333a098d19b4fd9a8b18f94170487ad3f821d,"આ અભ્યાસક્રમ, જે આ વર્ષે પ્રથમ વખત શરૂ કરવામાં આવ્યો છે, વિદ્યાર્થીઓને સમજાવશે કે કેવી રીતે સારી ઊંઘની ટેવ શૈક્ષણિક અને એથ્લેટિક પ્રદર્શનમાં મદદ કરે છે, તેમજ તેમની સામાન્ય સુખાકારીમાં સુધારો કરે છે.",4402a67b609a8b654c7f8a613b32b9767b18a13b6a93e1ad8e5ff518f64c0f5f
ntrex:0778:guj_Gujr,facebook/nllb-200-distilled-600M,f8d333a098d19b4fd9a8b18f94170487ad3f821d,એક કલાકનો અભ્યાસક્રમ ક્રિયાપ્રતિક્રિયાત્મક કાર્યોની શ્રેણીનો સમાવેશ કરે છે.,4402a67b609a8b654c7f8a613b32b9767b18a13b6a93e1ad8e5ff518f64c0f5f
ntrex:0816:guj_Gujr,facebook/nllb-200-distilled-600M,f8d333a098d19b4fd9a8b18f94170487ad3f821d,"રોજર્સઃ ""તે ગેઇગર કાઉન્ટર છે, જેનો ઉપયોગ રેડિયોએક્ટિવ ખનિજો, જેમ કે યુરેનિયમ શોધવા માટે થાય છે.",4402a67b609a8b654c7f8a613b32b9767b18a13b6a93e1ad8e5ff518f64c0f5f
ntrex:0960:guj_Gujr,facebook/nllb-200-distilled-600M,f8d333a098d19b4fd9a8b18f94170487ad3f821d,"""હું અર્થ, અલબત્ત"", કેનેડી જણાવ્યું હતું.",4402a67b609a8b654c7f8a613b32b9767b18a13b6a93e1ad8e5ff518f64c0f5f
ntrex:1292:guj_Gujr,facebook/nllb-200-distilled-600M,f8d333a098d19b4fd9a8b18f94170487ad3f821d,"એક સરકારી પ્રવક્તાએ કહ્યુંઃ ""અમે યુરોપિયન યુનિયન સાથેના અમારા ભાવિ સંબંધો માટે ચોક્કસ અને વિશ્વસનીય યોજના રજૂ કરી છે.",4402a67b609a8b654c7f8a613b32b9767b18a13b6a93e1ad8e5ff518f64c0f5f
ntrex:1320:guj_Gujr,facebook/nllb-200-distilled-600M,f8d333a098d19b4fd9a8b18f94170487ad3f821d,"તેના પત્રમાં, શ્રીમતી ફ્રીમેનએ લખ્યુંઃ ""ઉનાળા દરમિયાન, યુકે અને યુરોપિયન યુનિયન વચ્ચે ઉપાડ પરની વાટાઘાટો ચાલુ રહી છે, જે આ પાનખરમાં અપેક્ષિત નિર્ણયો તરફ આગળ વધી રહી છે.",4402a67b609a8b654c7f8a613b32b9767b18a13b6a93e1ad8e5ff518f64c0f5f
ntrex:1655:guj_Gujr,facebook/nllb-200-distilled-600M,f8d333a098d19b4fd9a8b18f94170487ad3f821d,કન્ઝર્વેટિવ બેકબેન્કર પીટર બોનેએ બર્મિંગહામમાં માર્ચમાં કહ્યું હતું કે જો શ્રી ફારાજ બ્રેક્ઝિટ સચિવ હોત તો હવે યુકે 'બહાર હોત'.,4402a67b609a8b654c7f8a613b32b9767b18a13b6a93e1ad8e5ff518f64c0f5f
ntrex:1664:guj_Gujr,facebook/nllb-200-distilled-600M,f8d333a098d19b4fd9a8b18f94170487ad3f821d,અમે આપણા પોતાના દેશમાં આપણા પોતાના કાયદા બનાવવા માંગીએ છીએ.,4402a67b609a8b654c7f8a613b32b9767b18a13b6a93e1ad8e5ff518f64c0f5f
ntrex:1667:guj_Gujr,facebook/nllb-200-distilled-600M,f8d333a098d19b4fd9a8b18f94170487ad3f821d,"'ચેકર્સ સામાન્ય જનતા માટે અપ્રિય છે, વિપક્ષ તેના માટે મતદાન કરશે નહીં, તે અમારી પાર્ટી અને અમારા કાર્યકર્તાઓ માટે અપ્રિય છે જે ખરેખર શેરીઓમાં ધક્કો મારતા હોય છે અને અમને પ્રથમ સ્થાને ચૂંટવામાં આવે છે.",4402a67b609a8b654c7f8a613b32b9767b18a13b6a93e1ad8e5ff518f64c0f5f
ntrex:1683:guj_Gujr,facebook/nllb-200-distilled-600M,f8d333a098d19b4fd9a8b18f94170487ad3f821d,બોસ્ટન ગ્લોબ અહેવાલ આપે છે કે મેસેચ્યુસેટ્સ ડેમોક્રેટ શનિવારે પશ્ચિમ મેસેચ્યુસેટ્સમાં ટાઉન હૉલમાં તેના ભવિષ્ય વિશે વાત કરી હતી.,4402a67b609a8b654c7f8a613b32b9767b18a13b6a93e1ad8e5ff518f64c0f5f
ntrex:1689:guj_Gujr,facebook/nllb-200-distilled-600M,f8d333a098d19b4fd9a8b18f94170487ad3f821d,એલએસયુના સિમ્સના શૂટિંગમાં ધરપકડ કરવામાં આવી,4402a67b609a8b654c7f8a613b32b9767b18a13b6a93e1ad8e5ff518f64c0f5f
ntrex:1698:guj_Gujr,facebook/nllb-200-distilled-600M,f8d333a098d19b4fd9a8b18f94170487ad3f821d,"6 ફૂટ 6 જુનિયર જે બેટન રુજમાં ઉછર્યા હતા, સિમ્સએ ગયા સિઝનમાં 10 સ્ટાર્ટ સાથે 32 રમતો રમી હતી અને સરેરાશ 17.4 મિનિટ, 5.6 પોઇન્ટ અને 2.9 રીબાઉન્ડ્સ પ્રતિ રમત.",4402a67b609a8b654c7f8a613b32b9767b18a13b6a93e1ad8e5ff518f64c0f5f
ntrex:1900:guj_Gujr,facebook/nllb-200-distilled-600M,f8d333a098d19b4fd9a8b18f94170487ad3f821d,"પેલોસીએ શનિવારે ઓસ્ટિન, ટેક્સાસમાં ટેક્સાસ ટ્રીબ્યુન ફેસ્ટિવલમાં એક મુલાકાતમાં આ ટિપ્પણી કરી હતી.",4402a67b609a8b654c7f8a613b32b9767b18a13b6a93e1ad8e5ff518f64c0f5f
ntrex:1908:guj_Gujr,facebook/nllb-200-distilled-600M,f8d333a098d19b4fd9a8b18f94170487ad3f821d,"""હું આ કહું છું - જો તે કોંગ્રેસ અથવા એફબીઆઈને સત્ય નથી કહેતો, તો તે માત્ર સુપ્રીમ કોર્ટમાં જ નહીં, પણ કોર્ટમાં પણ છે જ્યાં તે અત્યારે છે"", પેલોસીએ કહ્યું.",4402a67b609a8b654c7f8a613b32b9767b18a13b6a93e1ad8e5ff518f64c0f5f
ntrex:1964:guj_Gujr,facebook/nllb-200-distilled-600M,f8d333a098d19b4fd9a8b18f94170487ad3f821d,"ઇટાલિયન ગોલ્ફર મોલિનારીએ તેના તમામ રાઉન્ડમાં ચમક્યું, 1979 માં ટુર્નામેન્ટના વર્તમાન ફોર્મેટથી અત્યાર સુધી 5-0-0 જવા માટે 1 થી 4 ખેલાડીઓ બન્યા.",4402a67b609a8b654c7f8a613b32b9767b18a13b6a93e1ad8e5ff518f64c0f5f
ntrex:1969:guj_Gujr,facebook/nllb-200-distilled-600M,f8d333a098d19b4fd9a8b18f94170487ad3f821d,તે એક મુશ્કેલ વર્ષ રહ્યું છે.,4402a67b609a8b654c7f8a613b32b9767b18a13b6a93e1ad8e5ff518f64c0f5f
ntrex:1970:guj_Gujr,facebook/nllb-200-distilled-600M,f8d333a098d19b4fd9a8b18f94170487ad3f821d,મને પસંદ કરવા અને મારામાં વિશ્વાસ કરવા માટે થોમસ માટે ખૂબ આભારી છું.,4402a67b609a8b654c7f8a613b32b9767b18a13b6a93e1ad8e5ff518f64c0f5f
ntrex:1984:guj_Gujr,facebook/nllb-200-distilled-600M,f8d333a098d19b4fd9a8b18f94170487ad3f821d,"અમે ફરીથી જૂથબદ્ધ થઈશું, હું PGA of America અને અમારી Ryder Cup સમિતિ સાથે કામ કરીશ અને અમે આગળ વધશું.",4402a67b609a8b654c7f8a613b32b9767b18a13b6a93e1ad8e5ff518f64c0f5f
ntrex:0044:kat_Geor,facebook/nllb-200-distilled-600M,f8d333a098d19b4fd9a8b18f94170487ad3f821d,"ოფიციალურმა წარმომადგენლებმა განაცხადეს, რომ ზვიგენმა შაბათს 13 წლის ბიჭს თავს დაესხა და დაჭრა, როდესაც ის კალიფორნიაში ზვიგენების მოსაძებნად ჩადის.",4402a67b609a8b654c7f8a613b32b9767b18a13b6a93e1ad8e5ff518f64c0f5f
ntrex:0171:kat_Geor,facebook/nllb-200-distilled-600M,f8d333a098d19b4fd9a8b18f94170487ad3f821d,"ალბათ, ცუდ კრომველს შეეწირა თავისი წინაპრის, თომას ქმედებებისთვის წინა საუკუნეში.",4402a67b609a8b654c7f8a613b32b9767b18a13b6a93e1ad8e5ff518f64c0f5f
ntrex:0175:kat_Geor,facebook/nllb-200-distilled-600M,f8d333a098d19b4fd9a8b18f94170487ad3f821d,"რა არის დარწმუნებული, რომ მე-17 საუკუნის შუა პერიოდში მომხდარმა კონფლიქტმა ჩვენი ერის შემდგომი განვითარება ჩამოაყალიბა. და კრომველ არის ინდივიდუალური აღიარებადი ფიგურა, რომელიც ამ განხეთქილების ერთ მხარეს წარმოადგენს.",4402a67b609a8b654c7f8a613b32b9767b18a13b6a93e1ad8e5ff518f64c0f5f
ntrex:0338:kat_Geor,facebook/nllb-200-distilled-600M,f8d333a098d19b4fd9a8b18f94170487ad3f821d,დეპტფორდის საგზაო კატასტროფა: ველოსიპედის მძღოლი ავტომანქანასთან შეჯახების შედეგად გარდაიცვალა,4402a67b609a8b654c7f8a613b32b9767b18a13b6a93e1ad8e5ff518f64c0f5f
ntrex:0404:kat_Geor,facebook/nllb-200-distilled-600M,f8d333a098d19b4fd9a8b18f94170487ad3f821d,შაბათს საზღვრისპირა ქალაქი კვლავ შეძრწუნდა.,4402a67b609a8b654c7f8a613b32b9767b18a13b6a93e1ad8e5ff518f64c0f5f
ntrex:0406:kat_Geor,facebook/nllb-200-distilled-600M,f8d333a098d19b4fd9a8b18f94170487ad3f821d,"ინდონეზიის ტექნოლოგიების შეფასებისა და გამოყენების სააგენტოს (BPPT) განცხადებაში ნათქვამია, რომ პარასკევის მასშტაბური მიწისძვრის შედეგად გათავისუფლებული ენერგია დაახლოებით 200-ჯერ აღემატებოდა მეორე მსოფლიო ომში ჰიროსირომაზე დაშვებული ატომური ბომბის სიმძლავრეს.",4402a67b609a8b654c7f8a613b32b9767b18a13b6a93e1ad8e5ff518f64c0f5f
ntrex:0775:kat_Geor,facebook/nllb-200-distilled-600M,f8d333a098d19b4fd9a8b18f94170487ad3f821d,"მან თქვა, რომ არასდროს არავის უთქვამს მას ძილის მნიშვნელობის შესახებ - რაც გამიკვირდა"", - უთხრა მან The Telegraph- ს.",4402a67b609a8b654c7f8a613b32b9767b18a13b6a93e1ad8e5ff518f64c0f5f
ntrex:0776:kat_Geor,facebook/nllb-200-distilled-600M,f8d333a098d19b4fd9a8b18f94170487ad3f821d,"კურსი, რომელიც წელს პირველად გაიხსნა, ასწავლის მოსწავლეებს, თუ როგორ ხელს უწყობს ძილის კარგი ჩვევები აკადემიურ და სპორტულ საქმიანობაში, ასევე ზოგადი კეთილდღეობის გაუმჯობესებას.",4402a67b609a8b654c7f8a613b32b9767b18a13b6a93e1ad8e5ff518f64c0f5f
ntrex:0778:kat_Geor,facebook/nllb-200-distilled-600M,f8d333a098d19b4fd9a8b18f94170487ad3f821d,ერთსაათიანი კურსი მოიცავს ინტერაქციულ დავალებებს.,4402a67b609a8b654c7f8a613b32b9767b18a13b6a93e1ad8e5ff518f64c0f5f
ntrex:0816:kat_Geor,facebook/nllb-200-distilled-600M,f8d333a098d19b4fd9a8b18f94170487ad3f821d,"როჯერსი: ""ეს არის გეიგერის საწინააღმდეგო აპარატი, რომელიც გამოიყენება რადიოაქტიური მინერალების, როგორიცაა ურანიუმი აღმოჩენაში.",4402a67b609a8b654c7f8a613b32b9767b18a13b6a93e1ad8e5ff518f64c0f5f
ntrex:0960:kat_Geor,facebook/nllb-200-distilled-600M,f8d333a098d19b4fd9a8b18f94170487ad3f821d,"""მე ვგულისხმობ, რა თქმა უნდა"", თქვა კენედიმ.",4402a67b609a8b654c7f8a613b32b9767b18a13b6a93e1ad8e5ff518f64c0f5f
ntrex:1292:kat_Geor,facebook/nllb-200-distilled-600M,f8d333a098d19b4fd9a8b18f94170487ad3f821d,"მთავრობის წარმომადგენელმა განაცხადა: ""ჩვენ წარმოგვიდგენია ზუსტი და სანდო გეგმა ჩვენი მომავალი ურთიერთობისთვის ევროკავშირთან"".",4402a67b609a8b654c7f8a613b32b9767b18a13b6a93e1ad8e5ff518f64c0f5f
ntrex:1320:kat_Geor,facebook/nllb-200-distilled-600M,f8d333a098d19b4fd9a8b18f94170487ad3f821d,"მის წერილში ქალბატონი ფრიმანი წერდა: ""გაზაფხულის განმავლობაში გაერთიანებული სამეფოსა და ევროკავშირს შორის გაგრძელდა მოლაპარაკებები გამოყვანის შესახებ და მიმდინარე წლის შემოდგომაზე მოსალოდნელი გადაწყვეტილებების მიღებისკენ მიემართება.",4402a67b609a8b654c7f8a613b32b9767b18a13b6a93e1ad8e5ff518f64c0f5f
ntrex:1655:kat_Geor,facebook/nllb-200-distilled-600M,f8d333a098d19b4fd9a8b18f94170487ad3f821d,"კონსერვატიულმა პარტიის წევრმა, პიტერ ბონმა ბირმინგემში გამართულ მსვლელობაში განაცხადა, რომ დიდი ბრიტანეთი ამ დროისთვის ""გამოიშლებადა"", თუ ბრაქსითის მდივანი ბრაკსიტი გახდებოდა.",4402a67b609a8b654c7f8a613b32b9767b18a13b6a93e1ad8e5ff518f64c0f5f
ntrex:1664:kat_Geor,facebook/nllb-200-distilled-600M,f8d333a098d19b4fd9a8b18f94170487ad3f821d,"ჩვენ გვინდა საკუთარი კანონების შექმნა ჩვენს ქვეყანაში"".",4402a67b609a8b654c7f8a613b32b9767b18a13b6a93e1ad8e5ff518f64c0f5f
ntrex:1667:kat_Geor,facebook/nllb-200-distilled-600M,f8d333a098d19b4fd9a8b18f94170487ad3f821d,"""ჩეკერები არ არის პოპულარული საზოგადოებასთან, ოპოზიცია არ აპირებს მისთვის ხმას მისცეს, ეს არ არის პოპულარული ჩვენს პარტიასა და ჩვენს აქტივისტებს შორის, რომლებიც ქუჩებში დადიან და პირველ რიგში არჩეულები ვართ.",4402a67b609a8b654c7f8a613b32b9767b18a13b6a93e1ad8e5ff518f64c0f5f
ntrex:1683:kat_Geor,facebook/nllb-200-distilled-600M,f8d333a098d19b4fd9a8b18f94170487ad3f821d,"ბოსტონ გლობუსის ცნობით, მასაჩუსეტსის დემოკრატმა თავის მომავალზე ისაუბრა შაბათს დასავლეთ მასაჩუსეტსის მერიის სხდომაზე.",4402a67b609a8b654c7f8a613b32b9767b18a13b6a93e1ad8e5ff518f64c0f5f
ntrex:1689:kat_Geor,facebook/nllb-200-distilled-600M,f8d333a098d19b4fd9a8b18f94170487ad3f821d,დააკავეს LSU-ს სიმების დაჭრის ბრალდებით.,4402a67b609a8b654c7f8a613b32b9767b18a13b6a93e1ad8e5ff518f64c0f5f
ntrex:1698:kat_Geor,facebook/nllb-200-distilled-600M,f8d333a098d19b4fd9a8b18f94170487ad3f821d,"6-ფუტის 6-მდე ახალგაზრდა, რომელიც ბატონ რუჯში გაიზარდა, სიმსმა 32 მატჩი ჩაატარა გასულ სეზონში 10 სტარტით და საშუალოდ 17.4 წუთი, 5.6 ქულა და 2.9 მოხსნა თამაშში.",4402a67b609a8b654c7f8a613b32b9767b18a13b6a93e1ad8e5ff518f64c0f5f
ntrex:1900:kat_Geor,facebook/nllb-200-distilled-600M,f8d333a098d19b4fd9a8b18f94170487ad3f821d,პელოსიამ ეს კომენტარი შაბათს ტეხასის ტრიბუნის ფესტივალზე გასაუბრებაში გააკეთა.,4402a67b609a8b654c7f8a613b32b9767b18a13b6a93e1ad8e5ff518f64c0f5f
ntrex:1908:kat_Geor,facebook/nllb-200-distilled-600M,f8d333a098d19b4fd9a8b18f94170487ad3f821d,"""მე ამას ვიტყვი - თუ ის არ ამბობს სიმართლეს კონგრესს ან FBI-ს, მაშინ ის არ არის შესაფერისი არა მხოლოდ უზენაეს სასამართლოში, არამედ იმ სასამართლოში, სადაც ის ახლა იმყოფება"", - განაცხადა პელოსიმ.",4402a67b609a8b654c7f8a613b32b9767b18a13b6a93e1ad8e5ff518f64c0f5f
ntrex:1964:kat_Geor,facebook/nllb-200-distilled-600M,f8d333a098d19b4fd9a8b18f94170487ad3f821d,"იტალიელმა გოლფისტმა მოლინარიმ ყველა ტურში გაიბრწყინდა და გახდა 1-დან 4-მდე მოთამაშე, რომელიც 5-0-0-ზე გავიდა ტურნირის ამჟამინდელი ფორმატის დაწყებიდან 1979 წლიდან.",4402a67b609a8b654c7f8a613b32b9767b18a13b6a93e1ad8e5ff518f64c0f5f
ntrex:1969:kat_Geor,facebook/nllb-200-distilled-600M,f8d333a098d19b4fd9a8b18f94170487ad3f821d,რთული წელია.,4402a67b609a8b654c7f8a613b32b9767b18a13b6a93e1ad8e5ff518f64c0f5f
ntrex:1970:kat_Geor,facebook/nllb-200-distilled-600M,f8d333a098d19b4fd9a8b18f94170487ad3f821d,"კაჱაჳ, ფვ თჲმას ჟვ თჱბჲპგა ჱა მვნ და სბთვ ნა მვნ.",4402a67b609a8b654c7f8a613b32b9767b18a13b6a93e1ad8e5ff518f64c0f5f
ntrex:1984:kat_Geor,facebook/nllb-200-distilled-600M,f8d333a098d19b4fd9a8b18f94170487ad3f821d,"ღვ ჟვ ოპაგრაპვმ, ღვ ნაოპაგთმ ჟ პგაპა ოაპრაკა და ჟ რაიდერ კაპა.",4402a67b609a8b654c7f8a613b32b9767b18a13b6a93e1ad8e5ff518f64c0f5f
ntrex:0044:tam_Taml,facebook/nllb-200-distilled-600M,f8d333a098d19b4fd9a8b18f94170487ad3f821d,"சனிக்கிழமை 13 வயது சிறுவனை ஒரு ஆமை தாக்கி காயப்படுத்தியது. அவர் கலிபோர்னியாவில் ஆமைக்காக குதித்துக்கொண்டிருந்தபோது, ஆமை பருவத்தின் தொடக்க நாளில், அதிகாரிகள் தெரிவித்தனர்.",4402a67b609a8b654c7f8a613b32b9767b18a13b6a93e1ad8e5ff518f64c0f5f
ntrex:0171:tam_Taml,facebook/nllb-200-distilled-600M,f8d333a098d19b4fd9a8b18f94170487ad3f821d,"ஒருவேளை, முந்தைய நூற்றாண்டில் தனது மூதாதையர் தாமஸின் செயல்களுக்காக தவறான க்ரோம்வெல் தியாகம் செய்யப்படுவார்.",4402a67b609a8b654c7f8a613b32b9767b18a13b6a93e1ad8e5ff518f64c0f5f
ntrex:0175:tam_Taml,facebook/nllb-200-distilled-600M,f8d333a098d19b4fd9a8b18f94170487ad3f821d,17 ஆம் நூற்றாண்டின் நடுப்பகுதியில் ஏற்பட்ட மோதல் நமது தேசத்தின் அடுத்தடுத்த வளர்ச்சியை வடிவமைத்துள்ளது என்பது உறுதியானது. அந்த பிரிவின் ஒரு பக்கத்தை பிரதிநிதித்துவப்படுத்தும் தனிநபர் அடையாளம் காணக்கூடிய உருவம் க்ரோம்வெல்.,4402a67b609a8b654c7f8a613b32b9767b18a13b6a93e1ad8e5ff518f64c0f5f
ntrex:0338:tam_Taml,facebook/nllb-200-distilled-600M,f8d333a098d19b4fd9a8b18f94170487ad3f821d,டெட்ஃபோர்டு சாலை விபத்துஃ கார் மோதியதில் சைக்கிள் ஓட்டுநர் பலி,4402a67b609a8b654c7f8a613b32b9767b18a13b6a93e1ad8e5ff518f64c0f5f
ntrex:0404:tam_Taml,facebook/nllb-200-distilled-600M,f8d333a098d19b4fd9a8b18f94170487ad3f821d,சனிக்கிழமை கடலோர நகரத்தில் தொடர்ச்சியான பின்னணி அதிர்வுகள் ஏற்பட்டன.,4402a67b609a8b654c7f8a613b32b9767b18a13b6a93e1ad8e5ff518f64c0f5f
ntrex:0406:tam_Taml,facebook/nllb-200-distilled-600M,f8d333a098d19b4fd9a8b18f94170487ad3f821d,இந்தோனேசியாவின் தொழில்நுட்ப மதிப்பீடு மற்றும் பயன்பாடு ஏஜென்சி (BPPT) ஒரு அறிக்கையில் வெள்ளிக்கிழமை பாரிய பூகம்பத்தால் வெளியிடப்பட்ட ஆற்றல் இரண்டாம் உலகப் போரில் ஹிரோஷிமா மீது வீசப்பட்ட அணு குண்டு சக்தியை விட சுமார் 200 மடங்கு அதிகமானது என்று தெரிவித்துள்ளது.,4402a67b609a8b654c7f8a613b32b9767b18a13b6a93e1ad8e5ff518f64c0f5f
ntrex:0775:tam_Taml,facebook/nllb-200-distilled-600M,f8d333a098d19b4fd9a8b18f94170487ad3f821d,தூக்கத்தின் முக்கியத்துவம் பற்றி யாரும் ஒருபோதும் அவளிடம் சொல்லவில்லை என்று அவர் கூறினார் - இது என்னை ஆச்சரியப்படுத்தியது' என்று அவர் தி டெலிகிராப் பத்திரிகைக்கு கூறினார்.,4402a67b609a8b654c7f8a613b32b9767b18a13b6a93e1ad8e5ff518f64c0f5f
ntrex:0776:tam_Taml,facebook/nllb-200-distilled-600M,f8d333a098d19b4fd9a8b18f94170487ad3f821d,"இந்த ஆண்டு முதல் முறையாக தொடங்கப்பட்ட இந்த பாடத்திட்டம், நல்ல தூக்க பழக்கங்கள் கல்வி மற்றும் விளையாட்டு செயல்திறனை எவ்வாறு மேம்படுத்துகின்றன என்பதோடு அவர்களின் பொதுவான ஆரோக்கியத்தையும் எவ்வாறு மேம்படுத்துகின்றன என்பதற்கான அடிப்படைகளை மாணவர்களுக்கு விளக்குகிறது.",4402a67b609a8b654c7f8a613b32b9767b18a13b6a93e1ad8e5ff518f64c0f5f
ntrex:0778:tam_Taml,facebook/nllb-200-distilled-600M,f8d333a098d19b4fd9a8b18f94170487ad3f821d,ஒரு மணிநேர பாடத்திட்டம் தொடர்ச்சியான செயல்திறனைக் கொண்டுள்ளது.,4402a67b609a8b654c7f8a613b32b9767b18a13b6a93e1ad8e5ff518f64c0f5f
ntrex:0816:tam_Taml,facebook/nllb-200-distilled-600M,f8d333a098d19b4fd9a8b18f94170487ad3f821d,"ரோஜர்ஸ்ஃ ""இது ஒரு கெய்கர் கவுண்டர், இது யுரேனியம் போன்ற கதிரியக்க கனிமங்களைக் கண்டறியப் பயன்படுகிறது.",4402a67b609a8b654c7f8a613b32b9767b18a13b6a93e1ad8e5ff518f64c0f5f
ntrex:0960:tam_Taml,facebook/nllb-200-distilled-600M,f8d333a098d19b4fd9a8b18f94170487ad3f821d,"""நான், நிச்சயமாக"", கென்னடி கூறினார்.",4402a67b609a8b654c7f8a613b32b9767b18a13b6a93e1ad8e5ff518f64c0f5f
ntrex:1292:tam_Taml,facebook/nllb-200-distilled-600M,f8d333a098d19b4fd9a8b18f94170487ad3f821d,"அரசாங்க செய்தித் தொடர்பாளர் ஒருவர் கூறினார்ஃ ""ஐரோப்பிய ஒன்றியத்துடன் நமது எதிர்கால உறவுகளுக்கான துல்லியமான மற்றும் நம்பகமான திட்டத்தை நாங்கள் முன்வைத்துள்ளோம்.",4402a67b609a8b654c7f8a613b32b9767b18a13b6a93e1ad8e5ff518f64c0f5f
ntrex:1320:tam_Taml,facebook/nllb-200-distilled-600M,f8d333a098d19b4fd9a8b18f94170487ad3f821d,"தனது கடிதத்தில், திருமதி ஃப்ரீமன் எழுதினார்ஃ ""கோடைகாலத்தில், இங்கிலாந்து மற்றும் ஐரோப்பிய ஒன்றியம் இடையே வெளியேறுவதற்கான பேச்சுவார்த்தைகள் தொடர்கின்றன, இந்த இலையுதிர்காலத்தில் எதிர்பார்க்கப்படும் முடிவுகளை நோக்கி நகர்கின்றன.",4402a67b609a8b654c7f8a613b32b9767b18a13b6a93e1ad8e5ff518f64c0f5f
ntrex:1655:tam_Taml,facebook/nllb-200-distilled-600M,f8d333a098d19b4fd9a8b18f94170487ad3f821d,"பீட்டர் போன் (Peter Bone) என்ற கன்சர்வேடிவ் பின்தங்கியவர் பர்மிங்காமில் நடந்த அணிவகுப்பில், பிரெக்ஸிட் செயலாளராக ஃபாரேஜ் இருந்திருந்தால் இங்கிலாந்து இப்போது ""வெளியேறியிருக்கும்"" என்று கூறினார்.",4402a67b609a8b654c7f8a613b32b9767b18a13b6a93e1ad8e5ff518f64c0f5f
ntrex:1664:tam_Taml,facebook/nllb-200-distilled-600M,f8d333a098d19b4fd9a8b18f94170487ad3f821d,நாங்கள் எங்கள் சொந்த நாட்டில் எங்கள் சொந்த சட்டங்களை உருவாக்க விரும்புகிறோம்.,4402a67b609a8b654c7f8a613b32b9767b18a13b6a93e1ad8e5ff518f64c0f5f
ntrex:1667:tam_Taml,facebook/nllb-200-distilled-600M,f8d333a098d19b4fd9a8b18f94170487ad3f821d,"'சீக்கர்ஸ் பொதுமக்களிடையே பிரபலமற்றது, எதிர்க்கட்சி அதற்கு வாக்களிப்பதில்லை, அது எங்கள் கட்சியிடமிருந்தும், உண்மையில் தெருக்களில் அடித்து எங்களை முதலில் தேர்ந்தெடுக்கும் எங்கள் ஆர்வலர்களிடமிருந்தும் பிரபலமற்றது.",4402a67b609a8b654c7f8a613b32b9767b18a13b6a93e1ad8e5ff518f64c0f5f
ntrex:1683:tam_Taml,facebook/nllb-200-distilled-600M,f8d333a098d19b4fd9a8b18f94170487ad3f821d,மாசசூசெட்ஸ் ஜனநாயகவாதி சனிக்கிழமை மேற்கு மாசூசெட்ஸில் உள்ள ஒரு மாநகர மாளிகையில் தனது எதிர்காலத்தைப் பற்றி பேசினார் என்று போஸ்டன் குளோப் செய்திகள் தெரிவிக்கின்றன.,4402a67b609a8b654c7f8a613b32b9767b18a13b6a93e1ad8e5ff518f64c0f5f
ntrex:1689:tam_Taml,facebook/nllb-200-distilled-600M,f8d333a098d19b4fd9a8b18f94170487ad3f821d,LSU இன் சிம்ஸ் படப்பிடிப்பில் கைது செய்யப்பட்டார்,4402a67b609a8b654c7f8a613b32b9767b18a13b6a93e1ad8e5ff518f64c0f5f
ntrex:1698:tam_Taml,facebook/nllb-200-distilled-600M,f8d333a098d19b4fd9a8b18f94170487ad3f821d,"பேட்டன் ரூஜில் வளர்ந்த 6-அடி-6 ஜூனியர், சிம்ஸ் கடந்த பருவத்தில் 10 தொடக்கங்களுடன் 32 போட்டிகளில் விளையாடி ஒரு ஆட்டத்திற்கு சராசரியாக 17.4 நிமிடங்கள், 5.6 புள்ளிகள் மற்றும் 2.9 ரீபவுண்டுகள் செய்தார்.",4402a67b609a8b654c7f8a613b32b9767b18a13b6a93e1ad8e5ff518f64c0f5f
ntrex:1900:tam_Taml,facebook/nllb-200-distilled-600M,f8d333a098d19b4fd9a8b18f94170487ad3f821d,டெக்சாஸின் ஆஸ்டினில் நடந்த டெக்சாஸ் ட்ரிபுன் விழாவில் சனிக்கிழமை பேட்டி ஒன்றில் பெலோசி இந்த கருத்துக்களை தெரிவித்தார்.,4402a67b609a8b654c7f8a613b32b9767b18a13b6a93e1ad8e5ff518f64c0f5f
ntrex:1908:tam_Taml,facebook/nllb-200-distilled-600M,f8d333a098d19b4fd9a8b18f94170487ad3f821d,"""நான் இதைச் சொல்வேன் - அவர் காங்கிரஸ் அல்லது எஃப்.பி.ஐக்கு உண்மையைச் சொல்லவில்லை என்றால், அவர் உச்சநீதிமன்றத்தில் மட்டுமல்ல, இப்போது அவர் இருக்கும் நீதிமன்றத்திலும் இருக்க தகுதியற்றவர்"" என்று பெலோசி கூறினார்.",4402a67b609a8b654c7f8a613b32b9767b18a13b6a93e1ad8e5ff518f64c0f5f
ntrex:1964:tam_Taml,facebook/nllb-200-distilled-600M,f8d333a098d19b4fd9a8b18f94170487ad3f821d,"இத்தாலிய கோல்ஃப் வீரர் மோலினாரி தனது அனைத்து சுற்றுகளிலும் பிரகாசித்தார், 1979 இல் தொடங்கப்பட்ட போட்டியின் தற்போதைய வடிவத்திலிருந்து 5-0-0 ஐ எப்போதாவது எட்டிய 4 வீரர்களில் ஒருவராக ஆனார்.",4402a67b609a8b654c7f8a613b32b9767b18a13b6a93e1ad8e5ff518f64c0f5f
ntrex:1969:tam_Taml,facebook/nllb-200-distilled-600M,f8d333a098d19b4fd9a8b18f94170487ad3f821d,அது ஒரு கடினமான ஆண்டு இருந்தது.,4402a67b609a8b654c7f8a613b32b9767b18a13b6a93e1ad8e5ff518f64c0f5f
ntrex:1970:tam_Taml,facebook/nllb-200-distilled-600M,f8d333a098d19b4fd9a8b18f94170487ad3f821d,என்னைத் தேர்ந்தெடுத்து என்னை நம்புவதற்கு தாமஸ் மிகவும் நன்றியுள்ளவர்.,4402a67b609a8b654c7f8a613b32b9767b18a13b6a93e1ad8e5ff518f64c0f5f
ntrex:1984:tam_Taml,facebook/nllb-200-distilled-600M,f8d333a098d19b4fd9a8b18f94170487ad3f821d,"நாங்கள் மீண்டும் ஒன்றிணைவோம், நான் அமெரிக்காவின் PGA மற்றும் எங்கள் Ryder கோப்பை குழுவுடன் வேலை செய்வேன், நாங்கள் முன்னேறுவோம்.",4402a67b609a8b654c7f8a613b32b9767b18a13b6a93e1ad8e5ff518f64c0f5f
ntrex:0044:zho_Hans,facebook/nllb-200-distilled-600M,f8d333a098d19b4fd9a8b18f94170487ad3f821d,"官员说,在加利福尼亚州鱼季节开赛日,一条鱼袭击并伤害了一名13岁的男孩,",4402a67b609a8b654c7f8a613b32b9767b18a13b6a93e1ad8e5ff518f64c0f5f
ntrex:0171:zho_Hans,facebook/nllb-200-distilled-600M,f8d333a098d19b4fd9a8b18f94170487ad3f821d,也许错误的克罗姆威尔将被牺牲为他的祖先托马斯在上世纪的行为.,4402a67b609a8b654c7f8a613b32b9767b18a13b6a93e1ad8e5ff518f64c0f5f
ntrex:0175:zho_Hans,facebook/nllb-200-distilled-600M,f8d333a098d19b4fd9a8b18f94170487ad3f821d,"肯定的是,17世纪中叶的冲突塑造了我们国家的后续发展,",4402a67b609a8b654c7f8a613b32b9767b18a13b6a93e1ad8e5ff518f64c0f5f
ntrex:0338:zho_Hans,facebook/nllb-200-distilled-600M,f8d333a098d19b4fd9a8b18f94170487ad3f821d,德普特福德公路事故:骑自行车撞车死亡,4402a67b609a8b654c7f8a613b32b9767b18a13b6a93e1ad8e5ff518f64c0f5f
ntrex:0404:zho_Hans,facebook/nllb-200-distilled-600M,f8d333a098d19b4fd9a8b18f94170487ad3f821d,"周六,后震继续震动沿海城市.",4402a67b609a8b654c7f8a613b32b9767b18a13b6a93e1ad8e5ff518f64c0f5f
ntrex:0406:zho_Hans,facebook/nllb-200-distilled-600M,f8d333a098d19b4fd9a8b18f94170487ad3f821d,"印尼评估和应用技术机构 (BPPT) 在一份声明中表示,",4402a67b609a8b654c7f8a613b32b9767b18a13b6a93e1ad8e5ff518f64c0f5f
ntrex:0775:zho_Hans,facebook/nllb-200-distilled-600M,f8d333a098d19b4fd9a8b18f94170487ad3f821d,"她说,没有人曾经告诉她睡眠的重要性 - - 这让我感到惊.",4402a67b609a8b654c7f8a613b32b9767b18a13b6a93e1ad8e5ff518f64c0f5f
ntrex:0776:zho_Hans,facebook/nllb-200-distilled-600M,f8d333a098d19b4fd9a8b18f94170487ad3f821d,"今年首次推出的课程向学生解释了良好的睡眠习惯如何帮助学术和运动表现,以及改善他们的整体健康.",4402a67b609a8b654c7f8a613b32b9767b18a13b6a93e1ad8e5ff518f64c0f5f
ntrex:0778:zho_Hans,facebook/nllb-200-distilled-600M,f8d333a098d19b4fd9a8b18f94170487ad3f821d,一个小时的课程涉及一系列互动任务.,4402a67b609a8b654c7f8a613b32b9767b18a13b6a93e1ad8e5ff518f64c0f5f
ntrex:0816:zho_Hans,facebook/nllb-200-distilled-600M,f8d333a098d19b4fd9a8b18f94170487ad3f821d,"罗杰斯说:""这是一个盖格计数器,用于找到放射性矿物质,如.",4402a67b609a8b654c7f8a613b32b9767b18a13b6a93e1ad8e5ff518f64c0f5f
ntrex:0960:zho_Hans,facebook/nllb-200-distilled-600M,f8d333a098d19b4fd9a8b18f94170487ad3f821d,"""我的意思是,当然"",肯尼迪说.",4402a67b609a8b654c7f8a613b32b9767b18a13b6a93e1ad8e5ff518f64c0f5f
ntrex:1292:zho_Hans,facebook/nllb-200-distilled-600M,f8d333a098d19b4fd9a8b18f94170487ad3f821d,"一位政府发言人说:""我们已经提出了与欧盟的未来关系的准确可靠计划.",4402a67b609a8b654c7f8a613b32b9767b18a13b6a93e1ad8e5ff518f64c0f5f
ntrex:1320:zho_Hans,facebook/nllb-200-distilled-600M,f8d333a098d19b4fd9a8b18f94170487ad3f821d,"在她的信中,弗里曼女士写道:""在夏季期间,英国和欧盟之间的退出谈判继续进行,",4402a67b609a8b654c7f8a613b32b9767b18a13b6a93e1ad8e5ff518f64c0f5f
ntrex:1655:zho_Hans,facebook/nllb-200-distilled-600M,f8d333a098d19b4fd9a8b18f94170487ad3f821d,"保守派后卫彼得· (Peter Bone) 在伯明翰的游行中表示,如果法拉奇先生是英国脱欧部长,",4402a67b609a8b654c7f8a613b32b9767b18a13b6a93e1ad8e5ff518f64c0f5f
ntrex:1664:zho_Hans,facebook/nllb-200-distilled-600M,f8d333a098d19b4fd9a8b18f94170487ad3f821d,我们想在自己的国家制定自己的法律.,4402a67b609a8b654c7f8a613b32b9767b18a13b6a93e1ad8e5ff518f64c0f5f
ntrex:1667:zho_Hans,facebook/nllb-200-distilled-600M,f8d333a098d19b4fd9a8b18f94170487ad3f821d,"反对派不会投票支持它, 我们的党和活动家不喜欢它,",4402a67b609a8b654c7f8a613b32b9767b18a13b6a93e1ad8e5ff518f64c0f5f
ntrex:1683:zho_Hans,facebook/nllb-200-distilled-600M,f8d333a098d19b4fd9a8b18f94170487ad3f821d,马萨诸塞州民主党人周六在马萨诸塞州西部的一个市政厅谈到了她的未来.,4402a67b609a8b654c7f8a613b32b9767b18a13b6a93e1ad8e5ff518f64c0f5f
ntrex:1689:zho_Hans,facebook/nllb-200-distilled-600M,f8d333a098d19b4fd9a8b18f94170487ad3f821d,在LSU的Sims枪杀案中被捕,4402a67b609a8b654c7f8a613b32b9767b18a13b6a93e1ad8e5ff518f64c0f5f
ntrex:1698:zho_Hans,facebook/nllb-200-distilled-600M,f8d333a098d19b4fd9a8b18f94170487ad3f821d,"作为长达6英尺6英尺的年轻人,他在巴顿鲁治长大,西姆斯在上赛季打了32场比赛,10场开赛,平均每场17.4分,5.6分,2.9篮板.",4402a67b609a8b654c7f8a613b32b9767b18a13b6a93e1ad8e5ff518f64c0f5f
ntrex:1900:zho_Hans,facebook/nllb-200-distilled-600M,f8d333a098d19b4fd9a8b18f94170487ad3f821d,佩洛西周六在德克萨斯州奥斯举行的德克萨斯论坛节采访时发表了这些评论.,4402a67b609a8b654c7f8a613b32b9767b18a13b6a93e1ad8e5ff518f64c0f5f
ntrex:1908:zho_Hans,facebook/nllb-200-distilled-600M,f8d333a098d19b4fd9a8b18f94170487ad3f821d,"佩洛西说:""如果他没有向国会或联邦调查局说真话,",4402a67b609a8b654c7f8a613b32b9767b18a13b6a93e1ad8e5ff518f64c0f5f
ntrex:1964:zho_Hans,facebook/nllb-200-distilled-600M,f8d333a098d19b4fd9a8b18f94170487ad3f821d,"意大利高尔夫球员莫利纳里在他的所有赛程中闪耀,成为自1979年开始的比赛目前格式以来5-0-0的4名球员之一.",4402a67b609a8b654c7f8a613b32b9767b18a13b6a93e1ad8e5ff518f64c0f5f
ntrex:1969:zho_Hans,facebook/nllb-200-distilled-600M,f8d333a098d19b4fd9a8b18f94170487ad3f821d,这是艰难的一年.,4402a67b609a8b654c7f8a613b32b9767b18a13b6a93e1ad8e5ff518f64c0f5f
ntrex:1970:zho_Hans,facebook/nllb-200-distilled-600M,f8d333a098d19b4fd9a8b18f94170487ad3f821d,"我非常感谢托马斯选择了我,相信我.",4402a67b609a8b654c7f8a613b32b9767b18a13b6a93e1ad8e5ff518f64c0f5f
ntrex:1984:zho_Hans,facebook/nllb-200-distilled-600M,f8d333a098d19b4fd9a8b18f94170487ad3f821d,"我们会重新组合,我会与美国公开赛事协会和我们的莱德杯委员会合作,",4402a67b609a8b654c7f8a613b32b9767b18a13b6a93e1ad8e5ff518f64c0f5f
wmt24pp:0509:zho_Hans,facebook/nllb-200-distilled-600M,f8d333a098d19b4fd9a8b18f94170487ad3f821d,"根据YouTube决定我应该看的广告,我被推的视频和我看到的评论,",4402a67b609a8b654c7f8a613b32b9767b18a13b6a93e1ad8e5ff518f64c0f5f
wmt24pp:0521:zho_Hans,facebook/nllb-200-distilled-600M,f8d333a098d19b4fd9a8b18f94170487ad3f821d,"飞行是身体的,今天我的背部和腿痛,就像去健身房一样.",4402a67b609a8b654c7f8a613b32b9767b18a13b6a93e1ad8e5ff518f64c0f5f
wmt24pp:0165:zho_Hans,facebook/nllb-200-distilled-600M,f8d333a098d19b4fd9a8b18f94170487ad3f821d,"我甚至还不记得我能做什么,可能会升级到威士忌.",4402a67b609a8b654c7f8a613b32b9767b18a13b6a93e1ad8e5ff518f64c0f5f
wmt24pp:0568:zho_Hans,facebook/nllb-200-distilled-600M,f8d333a098d19b4fd9a8b18f94170487ad3f821d,轮胎和该死的女孩,4402a67b609a8b654c7f8a613b32b9767b18a13b6a93e1ad8e5ff518f64c0f5f
wmt24pp:0536:zho_Hans,facebook/nllb-200-distilled-600M,f8d333a098d19b4fd9a8b18f94170487ad3f821d,这个只有一个问题.,4402a67b609a8b654c7f8a613b32b9767b18a13b6a93e1ad8e5ff518f64c0f5f
wmt24pp:0542:zho_Hans,facebook/nllb-200-distilled-600M,f8d333a098d19b4fd9a8b18f94170487ad3f821d,#飞行员培训 #飞行 #泰安航空 #地面学校,4402a67b609a8b654c7f8a613b32b9767b18a13b6a93e1ad8e5ff518f64c0f5f
wmt24pp:0567:zho_Hans,facebook/nllb-200-distilled-600M,f8d333a098d19b4fd9a8b18f94170487ad3f821d,#泰安航空 #飞行培训 #飞行 #飞行员培训 #飞行学校 #PA28,4402a67b609a8b654c7f8a613b32b9767b18a13b6a93e1ad8e5ff518f64c0f5f
wmt24pp:0526:zho_Hans,facebook/nllb-200-distilled-600M,f8d333a098d19b4fd9a8b18f94170487ad3f821d,"晴朗的一天,高度有点模糊,但不过也很漂亮.",4402a67b609a8b654c7f8a613b32b9767b18a13b6a93e1ad8e5ff518f64c0f5f
wmt24pp:0157:zho_Hans,facebook/nllb-200-distilled-600M,f8d333a098d19b4fd9a8b18f94170487ad3f821d,"是的,哥哥,我可能不会雇我,可能会睡觉.但你完全应该.",4402a67b609a8b654c7f8a613b32b9767b18a13b6a93e1ad8e5ff518f64c0f5f
wmt24pp:0523:zho_Hans,facebook/nllb-200-distilled-600M,f8d333a098d19b4fd9a8b18f94170487ad3f821d,快乐的星期六. 欢迎来到4000英尺.,4402a67b609a8b654c7f8a613b32b9767b18a13b6a93e1ad8e5ff518f64c0f5f
wmt24pp:0540:zho_Hans,facebook/nllb-200-distilled-600M,f8d333a098d19b4fd9a8b18f94170487ad3f821d,我已经到达了第一个研究单元的半路.,4402a67b609a8b654c7f8a613b32b9767b18a13b6a93e1ad8e5ff518f64c0f5f
wmt24pp:0557:zho_Hans,facebook/nllb-200-distilled-600M,f8d333a098d19b4fd9a8b18f94170487ad3f821d,"停机恢复,停机恢复,飞行缓慢,模拟发动机故障!",4402a67b609a8b654c7f8a613b32b9767b18a13b6a93e1ad8e5ff518f64c0f5f
wmt24pp:0563:zho_Hans,facebook/nllb-200-distilled-600M,f8d333a098d19b4fd9a8b18f94170487ad3f821d,这是一个繁忙的周末.,4402a67b609a8b654c7f8a613b32b9767b18a13b6a93e1ad8e5ff518f64c0f5f
wmt24pp:0573:zho_Hans,facebook/nllb-200-distilled-600M,f8d333a098d19b4fd9a8b18f94170487ad3f821d,你知道什么有语义类名字?,4402a67b609a8b654c7f8a613b32b9767b18a13b6a93e1ad8e5ff518f64c0f5f
wmt24pp:0543:zho_Hans,facebook/nllb-200-distilled-600M,f8d333a098d19b4fd9a8b18f94170487ad3f821d,",是的,研究单元结束.",4402a67b609a8b654c7f8a613b32b9767b18a13b6a93e1ad8e5ff518f64c0f5f
wmt24pp:0749:zho_Hans,facebook/nllb-200-distilled-600M,f8d333a098d19b4fd9a8b18f94170487ad3f821d,"尼日利亚伊斯兰运动将其领导人萨克扎基和他的妻子获得的自由描述为总统穆罕默德·布哈里和卡杜纳州州州长纳西鲁·卢法伊对迫害的胜利.该组织还表示该裁决证实了其领导人和该组织成员.你好.希望你喜欢这个消息.请订阅我们的YouTube频道,不要忘记按通知按,以便你得到最新新闻更新的通知.",4402a67b609a8b654c7f8a613b32b9767b18a13b6a93e1ad8e5ff518f64c0f5f
wmt24pp:0734:zho_Hans,facebook/nllb-200-distilled-600M,f8d333a098d19b4fd9a8b18f94170487ad3f821d,"如果要用泥来密封,它会破裂.让我给你看看.我去除,这是一个无鼻子的密封器.但是,有人把泥放在这里,他们涂上了泥.让我给你看看看.它做了什么?它只是填料.",4402a67b609a8b654c7f8a613b32b9767b18a13b6a93e1ad8e5ff518f64c0f5f
wmt24pp:0765:zho_Hans,facebook/nllb-200-distilled-600M,f8d333a098d19b4fd9a8b18f94170487ad3f821d,"你好,欢迎来到这个旅游博客.今天我们正在探索鹿特丹市.鹿特丹是一个位于南荷兰省的城市.这是一个因其更加现代化和城市外观的建筑而分歧的城市.鹿特丹在第二次世界大战期间几乎完全被摧毁,当时德国人袭击了这个城市.",4402a67b609a8b654c7f8a613b32b9767b18a13b6a93e1ad8e5ff518f64c0f5f
wmt24pp:0775:zho_Hans,facebook/nllb-200-distilled-600M,f8d333a098d19b4fd9a8b18f94170487ad3f821d,"现在是1997年12月,帝国糖公司正在从萨凡纳食品和工业集团 (Savannah Foods and Industries Incorporated) 收购一家新的葡萄糖生产基地.这里没有什么值得注意的.它正在做那些企业做的事情,并且正在扩张.该地点自1900年代初以来一直是食品生产和加工的所在地.萨凡纳工业集团于1910年代开始在1910年代建造葡萄糖生产设施,并于1917年完成.",4402a67b609a8b654c7f8a613b32b9767b18a13b6a93e1ad8e5ff518f64c0f5f
wmt24pp:0736:zho_Hans,facebook/nllb-200-distilled-600M,f8d333a098d19b4fd9a8b18f94170487ad3f821d,"今天星期三早上是6点03分,我们正在追踪一个悲剧的故事今天早上.一名青少年在警方在东边沟中发现她的尸体后死亡.可怕的发现发生在她的父母报道失踪几个小时后,说她昨晚走了散步.新闻4的 Tawny Davis今天早上在直播中介绍了可能导致她的死亡和警方调查的情况.好早上, Tawny.",4402a67b609a8b654c7f8a613b32b9767b18a13b6a93e1ad8e5ff518f64c0f5f
wmt24pp:0766:zho_Hans,facebook/nllb-200-distilled-600M,f8d333a098d19b4fd9a8b18f94170487ad3f821d,"便宜的家具DIY在Lone Fox上总是很受欢迎,所以我想和你们分享我如何从IKEA的简单盒子中创建这个夜台.所以这是Knagglig盒子,你可以在IKEA买到大约10美元.我继续前进,我开始了根据说明来构建它.你只需要把所有元素在一起.一旦它们都搞了,你就有一个基本的木头盒子.现在在木头盒子的底部,我想添加一个腿,所以我把它从地板上抬起,用这些木头的盘,或者像我在手工商店发现的小木头托盘一样.它们只是一个简单的木头,非常类似于IKEA的,我可以把E6000.如果你有一个非常简单的晚上,你也可以使用一把钉子,如果你做了一个非常简单的晚上.",4402a67b609a8b654c7f8a613b32b9767b18a13b6a93e1ad8e5ff518f64c0f5f
wmt24pp:0747:zho_Hans,facebook/nllb-200-distilled-600M,f8d333a098d19b4fd9a8b18f94170487ad3f821d,"在火星上,这颗行星大小是地球的一半.火星上很久以前有很多水.为了做到这一点,火星上有一座火山,高达81,000英尺 - - 几乎是珠穆朗玛峰高的3倍.",4402a67b609a8b654c7f8a613b32b9767b18a13b6a93e1ad8e5ff518f64c0f5f
wmt24pp:0740:zho_Hans,facebook/nllb-200-distilled-600M,f8d333a098d19b4fd9a8b18f94170487ad3f821d,"您好,所有人!如果您不认识我,我的名字是Janica,我来自芬兰,住在荷兰.欢迎来到这个vlog.今天我们在哈勒姆市.哈勒姆是位于北荷兰省的一个非常美丽的城市.",4402a67b609a8b654c7f8a613b32b9767b18a13b6a93e1ad8e5ff518f64c0f5f
wmt24pp:0777:zho_Hans,facebook/nllb-200-distilled-600M,f8d333a098d19b4fd9a8b18f94170487ad3f821d,"我们只会让它坐下来,再水几分钟. 超轻的,我们实际上不会在炉子上. 我们主要煮水,以便我们再水食物. 这也是我们使用即时的原因之一. 时间减少,燃料减少,体重减少.",4402a67b609a8b654c7f8a613b32b9767b18a13b6a93e1ad8e5ff518f64c0f5f
wmt24pp:0727:zho_Hans,facebook/nllb-200-distilled-600M,f8d333a098d19b4fd9a8b18f94170487ad3f821d,"我需要一个助手,最好是几个助手.我会称他们为队友,但每个人都会知道他们的助手.网络应用程序.欢迎,RobDog_747.让我们组建一个团队.团队组装模式.不老于我.",4402a67b609a8b654c7f8a613b32b9767b18a13b6a93e1ad8e5ff518f64c0f5f
wmt24pp:0719:zho_Hans,facebook/nllb-200-distilled-600M,f8d333a098d19b4fd9a8b18f94170487ad3f821d,"在您的汽车维修设施中正确处理和处理废物对于员工的健康也是很重要的,但也可以避免罚款或重大法律和解. 此外,客户希望与努力主动保护环境和可持续运营的公司开展业务.您可以做到这一点的七种方法是什么?",4402a67b609a8b654c7f8a613b32b9767b18a13b6a93e1ad8e5ff518f64c0f5f
wmt24pp:0681:zho_Hans,facebook/nllb-200-distilled-600M,f8d333a098d19b4fd9a8b18f94170487ad3f821d,"好吧,下一个视频会让屋顶承包商对我生气,但这不是为了他们,而是为了你.如果你是不能买屋顶承包商的人,那么你必须看这段视频. 这将展示你如何自己覆盖现有的旧屋顶. 这很简单.",4402a67b609a8b654c7f8a613b32b9767b18a13b6a93e1ad8e5ff518f64c0f5f
wmt24pp:0685:zho_Hans,facebook/nllb-200-distilled-600M,f8d333a098d19b4fd9a8b18f94170487ad3f821d,"我们还没有准备好,因为你解雇了格雷格,因为我们没有钱支付他,伯特.你这么做,而不是我.你不知道我必须做什么才能让这些孩子走到这里吗?我给保险公司的债券,你想失去这一切吗?",4402a67b609a8b654c7f8a613b32b9767b18a13b6a93e1ad8e5ff518f64c0f5f
wmt24pp:0693:zho_Hans,facebook/nllb-200-distilled-600M,f8d333a098d19b4fd9a8b18f94170487ad3f821d,"一旦完成了,我用一点酒精和一张纸巾擦除了剩余的粉末.很容易清洁.然后我涂上了我的皮油.这实际上是真实的面部油,但我不喜欢它是如此有意义的.我不想把它放在脸上,所以我用它作为皮油.这是我的钉子的最终产品.我喜欢它们,我痴迷. 经常被问的问题:我的钉子持续多久?我通常把钉子放在两个星期. 有时我早就脱掉它们,因为你们都知道我自己做头发,",4402a67b609a8b654c7f8a613b32b9767b18a13b6a93e1ad8e5ff518f64c0f5f
wmt24pp:0723:zho_Hans,facebook/nllb-200-distilled-600M,f8d333a098d19b4fd9a8b18f94170487ad3f821d,"仔细看看这个螺栓.它有一些表面的生,但它仍然是有用的.我们将向你展示我们如何使用普通的硬件进行制成.如果你总是在家里拿到材料,你可以节省一些钱和去硬件商店.你需要装硬件的时候,我们将向你展示你需要的一切.",4402a67b609a8b654c7f8a613b32b9767b18a13b6a93e1ad8e5ff518f64c0f5f
wmt24pp:0959:zho_Hans,facebook/nllb-200-distilled-600M,f8d333a098d19b4fd9a8b18f94170487ad3f821d,"科伦和Nemic,第一小队的领导人,在FOB的许多灯光下一起走行,由发电机供电.大多数被红色染色,以帮助他们躲避敌人轰炸机.黎明已经诉诸了野生鱼的攻击,无论是在空中还是地面上,来打击他们.",4402a67b609a8b654c7f8a613b32b9767b18a13b6a93e1ad8e5ff518f64c0f5f
wmt24pp:0997:zho_Hans,facebook/nllb-200-distilled-600M,f8d333a098d19b4fd9a8b18f94170487ad3f821d,"肖点头,转向科伦和克里亚特,他们站在附近.",4402a67b609a8b654c7f8a613b32b9767b18a13b6a93e1ad8e5ff518f64c0f5f
wmt24pp:0984:zho_Hans,facebook/nllb-200-distilled-600M,f8d333a098d19b4fd9a8b18f94170487ad3f821d,"Exodus XO, Exodus CO 科伦斯收音机响起了.",4402a67b609a8b654c7f8a613b32b9767b18a13b6a93e1ad8e5ff518f64c0f5f
wmt24pp:0953:zho_Hans,facebook/nllb-200-distilled-600M,f8d333a098d19b4fd9a8b18f94170487ad3f821d,"几秒钟后,公司的其他成员都出来了,他们都拥有了他们需要的一切,从个人物品到需要的装备.",4402a67b609a8b654c7f8a613b32b9767b18a13b6a93e1ad8e5ff518f64c0f5f
wmt24pp:0982:zho_Hans,facebook/nllb-200-distilled-600M,f8d333a098d19b4fd9a8b18f94170487ad3f821d,"你现在说,但从我所看到的,大多数新生18岁的新兵,像你一样,",4402a67b609a8b654c7f8a613b32b9767b18a13b6a93e1ad8e5ff518f64c0f5f
wmt24pp:0992:zho_Hans,facebook/nllb-200-distilled-600M,f8d333a098d19b4fd9a8b18f94170487ad3f821d,"发送到Sentis Knoxx,谁通过双眼镜监视山脊,喊道.塞尔伯斯的背部打开,一个无武装的士兵走出,戴着特殊的耳机.他喊着命令进入一个方形麦克风,两个Senti,正式称为哨兵,冲出来.他们的瘦身金属手臂和腿在冲刺时摇摆向前.他们武装,但他们的武器倾斜向于他们的背部.",4402a67b609a8b654c7f8a613b32b9767b18a13b6a93e1ad8e5ff518f64c0f5f
wmt24pp:0990:zho_Hans,facebook/nllb-200-distilled-600M,f8d333a098d19b4fd9a8b18f94170487ad3f821d,"我们得到了联系 肖在电台中喊道,因为色的追踪器从山脊射击.当冲击部队跳出坦克后面时,弹道从坦克侧弹出.一枚反导弹摇,在阵营后撞到地面,爆炸和扔碎片在坦克之一.另一个撞到Strayker,APS-Cerberus的侧面,并爆炸.它的船员起来,为掩护,当弹药煮熟.",4402a67b609a8b654c7f8a613b32b9767b18a13b6a93e1ad8e5ff518f64c0f5f
wmt24pp:0943:zho_Hans,facebook/nllb-200-distilled-600M,f8d333a098d19b4fd9a8b18f94170487ad3f821d,叫醒他们科伦转身看第二中尉尼米奇走上.,4402a67b609a8b654c7f8a613b32b9767b18a13b6a93e1ad8e5ff518f64c0f5f
wmt24pp:0970:zho_Hans,facebook/nllb-200-distilled-600M,f8d333a098d19b4fd9a8b18f94170487ad3f821d,"我们给了他们时间从混沌中拿出食. 0500点,Exodus公司聚集在车库.",4402a67b609a8b654c7f8a613b32b9767b18a13b6a93e1ad8e5ff518f64c0f5f
wmt24pp:0971:zho_Hans,facebook/nllb-200-distilled-600M,f8d333a098d19b4fd9a8b18f94170487ad3f821d,"我们要支持正在进行的围困和随后的袭击伊安洛斯,以消除叛乱分子. 从那里我们将有一个脚和山脉的底部.",4402a67b609a8b654c7f8a613b32b9767b18a13b6a93e1ad8e5ff518f64c0f5f
wmt24pp:0993:zho_Hans,facebook/nllb-200-distilled-600M,f8d333a098d19b4fd9a8b18f94170487ad3f821d,"杀人还是捕获? 克莱斯问,当他们看着.",4402a67b609a8b654c7f8a613b32b9767b18a13b6a93e1ad8e5ff518f64c0f5f
wmt24pp:0965:zho_Hans,facebook/nllb-200-distilled-600M,f8d333a098d19b4fd9a8b18f94170487ad3f821d,"是的,坦率地说,他并不是我以为他那么糟糕.",4402a67b609a8b654c7f8a613b32b9767b18a13b6a93e1ad8e5ff518f64c0f5f
wmt24pp:0940:zho_Hans,facebook/nllb-200-distilled-600M,f8d333a098d19b4fd9a8b18f94170487ad3f821d,科伦,4402a67b609a8b654c7f8a613b32b9767b18a13b6a93e1ad8e5ff518f64c0f5f
wmt24pp:0957:zho_Hans,facebook/nllb-200-distilled-600M,f8d333a098d19b4fd9a8b18f94170487ad3f821d,"确保您拥有所有个人物资,Cohren继续说道.作为第一中尉和公司的首席官,他有责任监督和协助公司的领导人,波拉丁肖船长.我们不会回来.中尉和二中尉,我给你和你的小队15分钟来做最后的检查和取日的小粮",4402a67b609a8b654c7f8a613b32b9767b18a13b6a93e1ad8e5ff518f64c0f5f
wmt24pp:0952:zho_Hans,facebook/nllb-200-distilled-600M,f8d333a098d19b4fd9a8b18f94170487ad3f821d,"我在训练营的朋友们做了. 科伦向哈里斯,克莱斯和拉维克做了手势.",4402a67b609a8b654c7f8a613b32b9767b18a13b6a93e1ad8e5ff518f64c0f5f
tico19:PubMed_7:316,facebook/nllb-200-distilled-600M,f8d333a098d19b4fd9a8b18f94170487ad3f821d,"因此,呼吸支持对于缓解症状和挽救生命至关重要,包括一般氧疗法,高流氧,非侵入式通风和根据疾病严重程度的侵入性机械通风.",4402a67b609a8b654c7f8a613b32b9767b18a13b6a93e1ad8e5ff518f64c0f5f
tico19:wiki_9:2867,facebook/nllb-200-distilled-600M,f8d333a098d19b4fd9a8b18f94170487ad3f821d,中国国家卫生委员会于4月1日开始将无症状病例列入日常病例中.,4402a67b609a8b654c7f8a613b32b9767b18a13b6a93e1ad8e5ff518f64c0f5f
tico19:PubMed_7:446,facebook/nllb-200-distilled-600M,f8d333a098d19b4fd9a8b18f94170487ad3f821d,对于SARS-CoV-2的常规RNA测试可能对一些COVID-19患者产生负面影响.,4402a67b609a8b654c7f8a613b32b9767b18a13b6a93e1ad8e5ff518f64c0f5f
tico19:Wikipedia_handpicked_1:1563,facebook/nllb-200-distilled-600M,f8d333a098d19b4fd9a8b18f94170487ad3f821d,中央银行反应比2008年金融崩更快.,4402a67b609a8b654c7f8a613b32b9767b18a13b6a93e1ad8e5ff518f64c0f5f
tico19:PubMed_7:280,facebook/nllb-200-distilled-600M,f8d333a098d19b4fd9a8b18f94170487ad3f821d,"同样,2012年的一项人口统计研究显示,MERS-CoV患者的主要症状也包括发烧 (98%),干咳 (47%) 和呼吸暂停 (55%).",4402a67b609a8b654c7f8a613b32b9767b18a13b6a93e1ad8e5ff518f64c0f5f
tico19:PubMed_7:412,facebook/nllb-200-distilled-600M,f8d333a098d19b4fd9a8b18f94170487ad3f821d,"一个加拿大小组报告说, SARS-CoV-2 在2周前恢复并离开医院的患者中部轮和喉扫描中被检测到,这表明新发现的病毒可能成为类似流感的周期性事件.",4402a67b609a8b654c7f8a613b32b9767b18a13b6a93e1ad8e5ff518f64c0f5f
tico19:Wikipedia_handpicked_1:1253,facebook/nllb-200-distilled-600M,f8d333a098d19b4fd9a8b18f94170487ad3f821d,"病毒感染可以根据症状进行临时诊断,尽管最终通过感染分泌物逆转录聚合酶链反应 (rRT-PCR) 或CT成像来确认.",4402a67b609a8b654c7f8a613b32b9767b18a13b6a93e1ad8e5ff518f64c0f5f
tico19:Wikipedia_handpicked_1:1524,facebook/nllb-200-distilled-600M,f8d333a098d19b4fd9a8b18f94170487ad3f821d,"这位消息人士指责俄罗斯开始""地缘政治和外交""的魅力攻势.",4402a67b609a8b654c7f8a613b32b9767b18a13b6a93e1ad8e5ff518f64c0f5f
tico19:CMU_1:111,facebook/nllb-200-distilled-600M,f8d333a098d19b4fd9a8b18f94170487ad3f821d,"好吧,除了疼痛之外,还有其他症状吗?",4402a67b609a8b654c7f8a613b32b9767b18a13b6a93e1ad8e5ff518f64c0f5f
tico19:PubMed_8:564,facebook/nllb-200-distilled-600M,f8d333a098d19b4fd9a8b18f94170487ad3f821d,"另一方面, COVID-19 严重病例的小部分也可以看到 SARS-CoV 感染情况,尽管比例略低.",4402a67b609a8b654c7f8a613b32b9767b18a13b6a93e1ad8e5ff518f64c0f5f
tico19:PubMed_8:542,facebook/nllb-200-distilled-600M,f8d333a098d19b4fd9a8b18f94170487ad3f821d,2012年首次从沙特阿拉伯患急性肺炎和脏衰竭的60岁患者肺部中隔离MERS-CoV.,4402a67b609a8b654c7f8a613b32b9767b18a13b6a93e1ad8e5ff518f64c0f5f
tico19:PubMed_7:213,facebook/nllb-200-distilled-600M,f8d333a098d19b4fd9a8b18f94170487ad3f821d,"随着情况的迅速发展,疫情的最终范围和严重程度尚未确定.",4402a67b609a8b654c7f8a613b32b9767b18a13b6a93e1ad8e5ff518f64c0f5f
tico19:PubMed_11:1058,facebook/nllb-200-distilled-600M,f8d333a098d19b4fd9a8b18f94170487ad3f821d,"2019年12月,2019年新型冠状病毒 (2019-nCoV) 引发了疫情,现在正式命名为2019年新型冠状病毒疾病 (COVID-19) ,病毒已被命名为严重急性呼吸道综合征冠状病毒2 (SARS-CoV-2).",4402a67b609a8b654c7f8a613b32b9767b18a13b6a93e1ad8e5ff518f64c0f5f
tico19:PubMed_8:599,facebook/nllb-200-distilled-600M,f8d333a098d19b4fd9a8b18f94170487ad3f821d,"在活动物市场上,蒙面的棕树 (Paguma larvata) 和狗首次被发现携带与SARS-CoV几乎相同的SARS-CoV类似病毒.",4402a67b609a8b654c7f8a613b32b9767b18a13b6a93e1ad8e5ff518f64c0f5f
tico19:Wikipedia_handpicked_4:1712,facebook/nllb-200-distilled-600M,f8d333a098d19b4fd9a8b18f94170487ad3f821d,在服用药物或医疗保健之前洗手可以防止或减少疾病的传播.,4402a67b609a8b654c7f8a613b32b9767b18a13b6a93e1ad8e5ff518f64c0f5f
tico19:Wikinews_3:1112,facebook/nllb-200-distilled-600M,f8d333a098d19b4fd9a8b18f94170487ad3f821d,"截至昨天,世界卫生组织报告了1,051,635例确诊病例,其中包括4月4日中欧时间 (0800 UTC) 上午10点前24小时的79,332例病例.",4402a67b609a8b654c7f8a613b32b9767b18a13b6a93e1ad8e5ff518f64c0f5f
tico19:Wikipedia_handpicked_7:2033,facebook/nllb-200-distilled-600M,f8d333a098d19b4fd9a8b18f94170487ad3f821d,"高风险的工作包括提供医疗保健,支持,实验室和医疗运输工作者,他们接触到已知或怀疑的COVID-19患者.",4402a67b609a8b654c7f8a613b32b9767b18a13b6a93e1ad8e5ff518f64c0f5f
tico19:Wikipedia_handpicked_3:1672,facebook/nllb-200-distilled-600M,f8d333a098d19b4fd9a8b18f94170487ad3f821d,"武汉实验室在深,天津,北京和上海,",4402a67b609a8b654c7f8a613b32b9767b18a13b6a93e1ad8e5ff518f64c0f5f
tico19:Wikipedia_handpicked_1:1245,facebook/nllb-200-distilled-600M,f8d333a098d19b4fd9a8b18f94170487ad3f821d,"没有证据表明动物可以将病毒传递给人类, 尽管英国当局建议在接触动物后洗手,",4402a67b609a8b654c7f8a613b32b9767b18a13b6a93e1ad8e5ff518f64c0f5f
tico19:Wikipedia_handpicked_1:1230,facebook/nllb-200-distilled-600M,f8d333a098d19b4fd9a8b18f94170487ad3f821d,"通常的化期 (感染和症状开始之间的时间) 从1天到14天;最常见的是5天.作为不确定性的一个例子,估计COVID-19患者最初失去嗅觉的比例为30%,后来下降到15%.",4402a67b609a8b654c7f8a613b32b9767b18a13b6a93e1ad8e5ff518f64c0f5f
tico19:Wikipedia_handpicked_4:1749,facebook/nllb-200-distilled-600M,f8d333a098d19b4fd9a8b18f94170487ad3f821d,适合洗手的热水不足以杀死细菌.,4402a67b609a8b654c7f8a613b32b9767b18a13b6a93e1ad8e5ff518f64c0f5f
tico19:wiki_9:2854,facebook/nllb-200-distilled-600M,f8d333a098d19b4fd9a8b18f94170487ad3f821d,"目前,没有疫苗或针对COVID-19的具体抗病毒治疗.",4402a67b609a8b654c7f8a613b32b9767b18a13b6a93e1ad8e5ff518f64c0f5f
tico19:PubMed_7:350,facebook/nllb-200-distilled-600M,f8d333a098d19b4fd9a8b18f94170487ad3f821d,"在中国,TCM已用于治疗各种疾病.",4402a67b609a8b654c7f8a613b32b9767b18a13b6a93e1ad8e5ff518f64c0f5f
tico19:PubMed_8:711,facebook/nllb-200-distilled-600M,f8d333a098d19b4fd9a8b18f94170487ad3f821d,"换句话说,这两种氨基酸替代可能对病毒适应人类至关重要.",4402a67b609a8b654c7f8a613b32b9767b18a13b6a93e1ad8e5ff518f64c0f5f
tico19:wiki_10:2591,facebook/nllb-200-distilled-600M,f8d333a098d19b4fd9a8b18f94170487ad3f821d,"这项名为COLCORONA的研究正在招募40岁及以上的6000名成年人,他们被诊断患有COVID-19并且出现轻微的症状,不需要入院.",4402a67b609a8b654c7f8a613b32b9767b18a13b6a93e1ad8e5ff518f64c0f5f
counterfactual:cf01_number:original,facebook/nllb-200-distilled-600M,f8d333a098d19b4fd9a8b18f94170487ad3f821d,委员会将增加20%的2026年预算.,4402a67b609a8b654c7f8a613b32b9767b18a13b6a93e1ad8e5ff518f64c0f5f
counterfactual:cf01_number:changed,facebook/nllb-200-distilled-600M,f8d333a098d19b4fd9a8b18f94170487ad3f821d,委员会将增加2026年的预算7%.,4402a67b609a8b654c7f8a613b32b9767b18a13b6a93e1ad8e5ff518f64c0f5f
counterfactual:cf02_year:original,facebook/nllb-200-distilled-600M,f8d333a098d19b4fd9a8b18f94170487ad3f821d,新诊所将于2026年9月开业.,4402a67b609a8b654c7f8a613b32b9767b18a13b6a93e1ad8e5ff518f64c0f5f
counterfactual:cf02_year:changed,facebook/nllb-200-distilled-600M,f8d333a098d19b4fd9a8b18f94170487ad3f821d,新诊所将于2027年9月开业.,4402a67b609a8b654c7f8a613b32b9767b18a13b6a93e1ad8e5ff518f64c0f5f
counterfactual:cf03_city:original,facebook/nllb-200-distilled-600M,f8d333a098d19b4fd9a8b18f94170487ad3f821d,研究团队将在下周在多伦多举行会议.,4402a67b609a8b654c7f8a613b32b9767b18a13b6a93e1ad8e5ff518f64c0f5f
counterfactual:cf03_city:changed,facebook/nllb-200-distilled-600M,f8d333a098d19b4fd9a8b18f94170487ad3f821d,研究团队将在下周在温哥华见面.,4402a67b609a8b654c7f8a613b32b9767b18a13b6a93e1ad8e5ff518f64c0f5f
counterfactual:cf04_calendar_date:original,facebook/nllb-200-distilled-600M,f8d333a098d19b4fd9a8b18f94170487ad3f821d,听证会定于3月14日.,4402a67b609a8b654c7f8a613b32b9767b18a13b6a93e1ad8e5ff518f64c0f5f
counterfactual:cf04_calendar_date:changed,facebook/nllb-200-distilled-600M,f8d333a098d19b4fd9a8b18f94170487ad3f821d,听证会定于4月18日.,4402a67b609a8b654c7f8a613b32b9767b18a13b6a93e1ad8e5ff518f64c0f5f
counterfactual:cf05_decision:original,facebook/nllb-200-distilled-600M,f8d333a098d19b4fd9a8b18f94170487ad3f821d,"经过审查后,董事会批准了该提案.",4402a67b609a8b654c7f8a613b32b9767b18a13b6a93e1ad8e5ff518f64c0f5f
counterfactual:cf05_decision:changed,facebook/nllb-200-distilled-600M,f8d333a098d19b4fd9a8b18f94170487ad3f821d,"经过审查后,董事会拒绝了该提案.",4402a67b609a8b654c7f8a613b32b9767b18a13b6a93e1ad8e5ff518f64c0f5f
counterfactual:cf06_money:original,facebook/nllb-200-distilled-600M,f8d333a098d19b4fd9a8b18f94170487ad3f821d,该计划获得了350万美元的资金.,4402a67b609a8b654c7f8a613b32b9767b18a13b6a93e1ad8e5ff518f64c0f5f
counterfactual:cf06_money:changed,facebook/nllb-200-distilled-600M,f8d333a098d19b4fd9a8b18f94170487ad3f821d,该计划获得了2100万美元的资金.,4402a67b609a8b654c7f8a613b32b9767b18a13b6a93e1ad8e5ff518f64c0f5f
counterfactual:cf07_organization:original,facebook/nllb-200-distilled-600M,f8d333a098d19b4fd9a8b18f94170487ad3f821d,世界卫生组织发布了这一指南.,4402a67b609a8b654c7f8a613b32b9767b18a13b6a93e1ad8e5ff518f64c0f5f
counterfactual:cf07_organization:changed,facebook/nllb-200-distilled-600M,f8d333a098d19b4fd9a8b18f94170487ad3f821d,联合国儿童基金会发布了指南.,4402a67b609a8b654c7f8a613b32b9767b18a13b6a93e1ad8e5ff518f64c0f5f
counterfactual:cf08_direction:original,facebook/nllb-200-distilled-600M,f8d333a098d19b4fd9a8b18f94170487ad3f821d,"在本周期间,医院入院人数增加.",4402a67b609a8b654c7f8a613b32b9767b18a13b6a93e1ad8e5ff518f64c0f5f
counterfactual:cf08_direction:changed,facebook/nllb-200-distilled-600M,f8d333a098d19b4fd9a8b18f94170487ad3f821d,"在本周期间,医院入院人数下降.",4402a67b609a8b654c7f8a613b32b9767b18a13b6a93e1ad8e5ff518f64c0f5f
counterfactual:cf09_weekday:original,facebook/nllb-200-distilled-600M,f8d333a098d19b4fd9a8b18f94170487ad3f821d,报告将于周一发布.,4402a67b609a8b654c7f8a613b32b9767b18a13b6a93e1ad8e5ff518f64c0f5f
counterfactual:cf09_weekday:changed,facebook/nllb-200-distilled-600M,f8d333a098d19b4fd9a8b18f94170487ad3f821d,报告将于周四发布.,4402a67b609a8b654c7f8a613b32b9767b18a13b6a93e1ad8e5ff518f64c0f5f
counterfactual:cf10_patients:original,facebook/nllb-200-distilled-600M,f8d333a098d19b4fd9a8b18f94170487ad3f821d,这项试验涉及来自该地区的18名患者.,4402a67b609a8b654c7f8a613b32b9767b18a13b6a93e1ad8e5ff518f64c0f5f
counterfactual:cf10_patients:changed,facebook/nllb-200-distilled-600M,f8d333a098d19b4fd9a8b18f94170487ad3f821d,这项试验涉及来自该地区的11名患者.,4402a67b609a8b654c7f8a613b32b9767b18a13b6a93e1ad8e5ff518f64c0f5f
